<?xml version="1.0" encoding="UTF-8"?>
<beans xmlns="http://www.springframework.org/schema/beans"
	xmlns:xsi="http://www.w3.org/2001/XMLSchema-instance" xmlns:util="http://www.springframework.org/schema/util"
	xsi:schemaLocation="http://www.springframework.org/schema/beans http://www.springframework.org/schema/beans/spring-beans.xsd
		http://www.springframework.org/schema/util http://www.springframework.org/schema/util/spring-util-4.3.xsd">


	<bean class="com.capgemini.service.CustomerServiceImpl" id="service">
		<constructor-arg ref="dao" />
	</bean>
	<bean class="com.capgemini.dao.WalletDAOImpl" name="dao">
		<constructor-arg ref="map" />
	</bean>
	<util:map id="map" key-type="java.lang.String" value-type="com.capgemini.bean.Customer">
		<entry key="1111111111">
			<bean class="com.capgemini.bean.Customer">
				<property name="customerName" value="Sachin" />
				<property name="mobileNumber" value="1122334455" />
				<property name="wallet">
				<bean class="com.capgemini.bean.Wallet">
				<property name="balance" value="2500000"></property>
				</bean>
				</property>
			</bean>
		</entry>
		<entry key="2222222222">
			<bean class="com.capgemini.bean.Customer">
				<property name="customerName" value="Kanchan" />
				<property name="mobileNumber" value="2222222222" />
				<property name="wallet">
				<bean class="com.capgemini.bean.Wallet">
				<property name="balance" value="250"></property>
				</bean>
				</property>
			</bean>
		</entry>
		<entry key="3333333333">
			<bean class="com.capgemini.bean.Customer">
				<property name="customerName" value="Leena" />
				<property name="mobileNumber" value="3333333333"/>
				<property name="wallet">
				<bean class="com.capgemini.bean.Wallet">
				<property name="balance" value="750"></property>
				</bean>
				</property>
			</bean>
		</entry>
		<entry key="4444444444">
			<bean class="com.capgemini.bean.Customer">
				<property name="customerName" value="Teena" />
				<property name="mobileNumber" value="4444444444"/>
				<property name="wallet">
				<bean class="com.capgemini.bean.Wallet">
				<property name="balance" value="1250"></property>
				</bean>
				</property>
			</bean>
		</entry>
		<entry key="5555555555">
			<bean class="com.capgemini.bean.Customer">
				<property name="customerName" value="Suman" />
				<property name="mobileNumber" value="5555555555"/>
				<property name="wallet">
				<bean class="com.capgemini.bean.Wallet">
				<property name="balance" value="2750"></property>
				</bean>
				</property>
			</bean>
		</entry>
		
	</util:map>
</beans>
